id,source,status,fetched,eligible,rejected,review,avg_confidence,avg_eligibility,started_at
1,remotive,done,16,10,6,0,,,2026-09-30T17:07:28.472391
2,greenhouse,done,1157,75,535,386,,,2026-09-30T17:07:28.607348
3,remotive,done,16,0,6,0,,,2026-10-01T03:54:35.579237
4,greenhouse,done,1153,0,528,8,,,2026-10-01T03:54:35.995079
5,remotive,done,16,0,6,0,,,2026-10-01T08:18:58.222923
6,greenhouse,done,1154,0,530,0,,,2026-10-01T08:18:59.037350
7,remotive,done,17,0,7,0,,,2026-10-03T02:43:50.155502
8,greenhouse,done,1164,5,532,21,,,2026-10-03T02:43:50.525540
9,greenhouse,done,100,10,50,40,48.0,61.0,2026-09-27T10:47:47.294681
10,remotive,done,100,10,50,40,52.0,66.0,2026-09-30T10:47:47.294681
11,greenhouse,done,100,10,50,40,55.5,70.2,2026-10-02T10:47:47.294681
12,remotive,done,17,0,7,0,,,2026-10-03T09:57:36.581988
13,greenhouse,done,1164,0,532,0,,,2026-10-03T09:57:36.850989
14,remoteok,done,99,76,3,19,34.0,92.0,2026-10-03T09:57:41.412314
15,weworkremotely,error,0,0,0,0,,,2026-10-03T09:57:43.594029
16,themuse,error,0,0,0,0,,,2026-10-03T09:57:44.121094
17,remotive,done,16,0,7,0,,,2026-10-04T04:55:13.802121
18,greenhouse,done,1164,0,531,1,39.4,35.0,2026-10-04T04:55:14.303391
19,remoteok,done,99,1,3,0,32.8,100.0,2026-10-04T04:55:18.866202
20,weworkremotely,error,0,0,0,0,,,2026-10-04T04:55:21.019433
21,themuse,error,0,0,0,0,,,2026-10-04T04:55:21.415202
22,remotive,done,18,0,8,0,,,2026-10-05T09:52:20.591464
23,greenhouse,done,1165,0,530,1,39.5,35.0,2026-10-05T09:52:20.970335
24,remoteok,done,99,1,3,0,37.0,100.0,2026-10-05T09:52:22.977134
25,weworkremotely,error,0,0,0,0,,,2026-10-05T09:52:25.059048
26,themuse,error,0,0,0,0,,,2026-10-05T09:52:25.433392
27,remotive,done,18,0,8,0,,,2026-10-05T09:52:29.727818
28,greenhouse,done,1165,0,530,0,,,2026-10-05T09:52:29.941123
29,remoteok,done,99,0,3,0,,,2026-10-05T09:52:31.773109
30,weworkremotely,error,0,0,0,0,,,2026-10-05T09:52:33.327240
31,themuse,error,0,0,0,0,,,2026-10-05T09:52:33.647455
